axcov,l2,l3,radcov,meancov,covfa,covpl,lesld,sxx,syy,szz,sxy,sxz,syz,neurax,nxnorm,cmx,cmy,cmz
66.351716,1.015184,0.461058,0.738121,22.609319,0.988762,0.999759,31.0,40.812903,3.965591,23.049462,-10.956989,30.172043,-8.070968,15.25007321913193,0.26531839583610795,48.8493006131189,62.03985272822504,-13.657446775734059
