lesid,axcov,l2,l3,radcov,meancov,covfa,covpl,lesvol,sxx,syy,szz,sxy,sxz,syz
1.000000,1.192151,0.588414,0.481543,0.534979,0.754036,0.469354,0.913192,27.000000,0.641026,1.011396,0.609687,0.149573,0.085470,0.259259
2.000000,0.333333,0.333333,0.000000,0.166667,0.222222,0.707107,-1.000000,4.000000,0.333333,0.333333,0.000000,0.000000,0.000000,0.000000
