lesid,axcov,l2,l3,radcov,meancov,covfa,covpl,lesvol,sxx,syy,szz,sxy,sxz,syz
1.000000,0.333333,0.333333,0.000000,0.166667,0.222222,0.707107,-1.000000,4.000000,0.000000,0.333333,0.333333,0.000000,0.000000,0.000000
2.000000,1.999943,0.674219,0.256873,0.465546,0.977011,0.741445,0.768688,29.000000,0.677340,1.995074,0.258621,0.073892,-0.018473,0.036946
3.000000,1.298608,0.646846,0.000000,0.323423,0.648485,0.775184,0.006556,11.000000,0.000000,0.690909,1.254545,0.000000,0.000000,-0.163636
4.000000,0.500000,0.000000,0.000000,0.000000,0.166667,1.000000,1.000000,2.000000,0.000000,0.000000,0.500000,0.000000,0.000000,0.000000
