axcov,l2,l3,radcov,meancov,covfa,covpl,lesld,sxx,syy,szz,sxy,sxz,syz
346.084871,115.072713,32.890703,73.981708,164.682762,0.768054,0.719655,202.066630,196.568335,183.179449,114.300502,100.387962,111.036293,44.867790
