axcov,l2,l3,radcov,meancov,covfa,covpl,lesld,sxx,syy,szz,sxy,sxz,syz
777.742237,390.966071,146.963312,268.964691,438.557207,0.624054,0.380032,661.118590,531.863079,515.714633,268.093907,-181.863173,-60.651099,206.295748
