axcov,l2,l3,radcov,meancov,covfa,covpl,lesld,sxx,syy,szz,sxy,sxz,syz,neurax,nxnorm,cmx,cmy,cmz
1906.313722,610.279546,97.779042,354.029294,871.457436,0.805632,0.670817,5081.0,642.709286,1619.974274,351.688749,-206.012304,-47.971818,618.656726,7.510595932074296,0.13557584885894078,-12.33498744534559,-3.2119856386769072,-7.673517450180981
