lesid,axcov,l2,l3,radcov,meancov,covfa,covpl,lesvol,sxx,syy,szz,sxy,sxz,syz
1.000000,0.800000,0.300000,0.000000,0.150000,0.366667,0.819288,0.416910,6.000000,0.800000,0.300000,0.000000,0.000000,0.000000,0.000000
2.000000,1.304348,0.695652,0.260870,0.478261,0.753623,0.604791,0.283833,24.000000,0.695652,0.260870,1.304348,0.000000,0.000000,0.000000
3.000000,1.297610,0.727273,0.595438,0.661355,0.873440,0.403439,0.861457,34.000000,0.666667,0.666667,1.286988,-0.060606,-0.060606,-0.060606
4.000000,0.333333,0.333333,0.000000,0.166667,0.222222,0.707107,-1.000000,4.000000,0.000000,0.333333,0.333333,0.000000,0.000000,0.000000
5.000000,2.880722,1.112935,0.255814,0.684375,1.416490,0.748155,0.558898,44.000000,0.255814,2.826638,1.167019,0.000000,0.000000,-0.304440
