axcov,l2,l3,radcov,meancov,covfa,covpl,lesld,sxx,syy,szz,sxy,sxz,syz
736.071502,552.311759,129.508871,340.910315,472.630711,0.579702,-0.621899,25307.000000,616.582644,634.162825,167.146664,99.636792,-28.099774,126.319547
