axcov,l2,l3,radcov,meancov,covfa,covpl,lesld,sxx,syy,szz,sxy,sxz,syz,neurax,nxnorm,cmx,cmy,cmz
1244.743792,406.291364,219.452215,312.871789,623.49579,0.712405,0.869914,7610.768384,408.604055,1237.982538,223.900778,-57.572279,13.871122,54.385239,21.603708751531354,0.38024281165778506,12.89554864029678,-17.39845689285309,30.492505334161905
