axcov,l2,l3,radcov,meancov,covfa,covpl,lesld,sxx,syy,szz,sxy,sxz,syz,neurax,nxnorm,cmx,cmy,cmz
572.02935,472.653955,135.496392,304.075174,393.393232,0.525387,-0.792001,16762.753183,476.386886,558.223693,145.569118,-18.546064,-3.747501,65.246017,9.58970828289042,0.18329130897119972,-11.451214160898118,30.17299689039514,14.811567508596397
