lesid,axcov,l2,l3,radcov,meancov,covfa,covpl,lesvol,sxx,syy,szz,sxy,sxz,syz
1.000000,1.333333,0.266667,0.266667,0.266667,0.622222,0.769800,1.000000,16.000000,0.266667,0.266667,1.333333,0.000000,0.000000,0.000000
2.000000,5.878860,2.445897,2.109534,2.277716,3.478097,0.538619,0.970826,227.000000,2.785038,4.357062,3.292191,1.078204,-0.887763,-1.325387
3.000000,1.510500,0.951755,0.378654,0.665205,0.946970,0.537098,-0.021966,33.000000,0.621212,1.092803,1.126894,0.137311,-0.266098,0.388258
4.000000,1.304348,0.695652,0.260870,0.478261,0.753623,0.604791,0.283833,24.000000,0.260870,0.695652,1.304348,0.000000,0.000000,0.000000
5.000000,0.333333,0.333333,0.000000,0.166667,0.222222,0.707107,-1.000000,4.000000,0.333333,0.000000,0.333333,0.000000,0.000000,0.000000
6.000000,5.312395,2.901512,1.427722,2.164617,3.213876,0.546161,0.403326,206.000000,2.913947,4.365167,2.362515,1.032394,1.165333,0.593204
7.000000,1.924705,0.641432,0.259259,0.450346,0.941799,0.738802,0.788474,28.000000,0.259259,0.661376,1.904762,0.000000,0.000000,-0.158730
8.000000,1.304348,0.695652,0.260870,0.478261,0.753623,0.604791,0.283833,24.000000,0.260870,0.695652,1.304348,0.000000,0.000000,0.000000
