axcov,l2,l3,radcov,meancov,covfa,covpl,lesld,sxx,syy,szz,sxy,sxz,syz
573.796228,554.402541,61.072989,307.737765,396.423919,0.628969,-0.994991,764.000000,467.464534,560.845231,160.961992,-37.056288,-187.743119,-63.693316
