lesid,axcov,l2,l3,radcov,meancov,covfa,covpl,lesvol,sxx,syy,szz,sxy,sxz,syz
1.000000,3.595006,1.234418,1.110720,1.172569,1.980048,0.612325,0.991224,98.000000,1.206501,1.214917,3.518725,0.035872,0.111614,-0.412897
2.000000,0.750000,0.623746,0.258607,0.441176,0.544118,0.437984,-0.731755,17.000000,0.264706,0.683824,0.683824,0.033088,-0.033088,0.066176
3.000000,0.333333,0.333333,0.000000,0.166667,0.222222,0.707107,-1.000000,4.000000,0.333333,0.333333,0.000000,0.000000,0.000000,0.000000
4.000000,31.039214,3.500266,1.305941,2.403104,11.948474,0.917982,0.980306,381.000000,3.697113,25.308468,6.839840,3.214532,2.418718,11.046553
5.000000,1.666667,0.000000,0.000000,0.000000,0.555556,1.000000,1.000000,4.000000,0.000000,1.666667,0.000000,0.000000,0.000000,0.000000
6.000000,5.478261,0.695652,0.000000,0.347826,2.057971,0.935431,0.939141,24.000000,0.695652,5.478261,0.000000,0.000000,0.000000,0.000000
7.000000,19.048633,5.553892,2.881480,4.217686,9.161335,0.748654,0.894088,568.000000,3.680748,6.884464,16.918794,-1.750723,2.438759,-4.288624
8.000000,0.333333,0.333333,0.000000,0.166667,0.222222,0.707107,-1.000000,4.000000,0.333333,0.333333,0.000000,0.000000,0.000000,0.000000
9.000000,25.196938,1.167228,0.972126,1.069677,9.112097,0.955835,0.999779,203.000000,1.137590,23.224991,2.973711,-0.307443,0.169170,-6.610959
