axcov,l2,l3,radcov,meancov,covfa,covpl,lesld,sxx,syy,szz,sxy,sxz,syz,neurax,nxnorm,cmx,cmy,cmz
869.715559,330.765877,88.198913,209.482395,429.560117,0.741282,0.602523,446.0,531.670116,350.006213,407.004021,-83.669189,-375.583988,57.58821,0.4931253230330377,0.008622595378350766,-12.670931932045448,15.799863382910459,3.3663648513587248
