axcov,l2,l3,radcov,meancov,covfa,covpl,lesld,sxx,syy,szz,sxy,sxz,syz,neurax,nxnorm,cmx,cmy,cmz
1004.929558,603.678986,279.701222,441.690104,629.436589,0.522109,0.183275,2630.002925,704.989801,884.33857,298.981396,169.553567,44.580658,106.342874,20.874577091612412,0.37132928417807204,5.44350337807235,14.531549719715912,-19.127043925295226
