axcov,l2,l3,radcov,meancov,covfa,covpl,lesld,sxx,syy,szz,sxy,sxz,syz
885.522738,557.144983,73.937957,315.541470,505.535226,0.674188,-0.323195,1129.627984,467.679755,827.002172,221.923751,-126.469644,-238.973287,30.944876
