axcov,l2,l3,radcov,meancov,covfa,covpl,lesld,sxx,syy,szz,sxy,sxz,syz,neurax,nxnorm,cmx,cmy,cmz
1057.771378,702.332487,198.167723,450.250105,652.757196,0.582178,-0.294262,21426.267542,702.303241,882.079022,373.889325,-6.284686,-27.799044,345.478377,13.718752069678217,0.2545032078237157,1.786196534198396,9.443586784476224,18.619551726717845
