axcov,l2,l3,radcov,meancov,covfa,covpl,lesld,sxx,syy,szz,sxy,sxz,syz,neurax,nxnorm,cmx,cmy,cmz
500.718692,140.203588,41.116534,90.660061,227.346271,0.803185,0.814534,992.896896,118.827296,498.449999,64.761518,26.263514,40.907706,-16.941316,7.867406405735623,0.13194165633155344,-18.9933663300812,23.833806542815807,-6.923027338717191
