lesid,axcov,l2,l3,radcov,meancov,covfa,covpl,lesvol,sxx,syy,szz,sxy,sxz,syz
1.000000,2.068966,0.689655,0.258621,0.474138,1.005747,0.745815,0.771395,30.000000,0.689655,2.068966,0.258621,0.000000,0.000000,0.000000
2.000000,0.727273,0.272727,0.272727,0.272727,0.424242,0.552158,1.000000,12.000000,0.272727,0.272727,0.727273,0.000000,0.000000,0.000000
3.000000,0.333333,0.333333,0.000000,0.166667,0.222222,0.707107,-1.000000,4.000000,0.333333,0.000000,0.333333,0.000000,0.000000,0.000000
4.000000,1.000000,0.000000,0.000000,0.000000,0.333333,1.000000,1.000000,3.000000,0.000000,1.000000,0.000000,0.000000,0.000000,0.000000
5.000000,0.333333,0.333333,0.000000,0.166667,0.222222,0.707107,-1.000000,4.000000,0.000000,0.333333,0.333333,0.000000,0.000000,0.000000
6.000000,1.727744,1.001161,0.612181,0.806671,1.113695,0.469572,0.495952,43.000000,0.676633,1.487265,1.177187,-0.235880,-0.062569,0.306202
7.000000,2.181496,1.921583,1.463408,1.692496,1.855496,0.193485,-0.456648,106.000000,1.855975,1.790566,1.919946,0.192902,-0.054178,0.296406
8.000000,1.304348,0.695652,0.260870,0.478261,0.753623,0.604791,0.283833,24.000000,1.304348,0.695652,0.260870,0.000000,0.000000,0.000000
9.000000,0.333333,0.333333,0.000000,0.166667,0.222222,0.707107,-1.000000,4.000000,0.333333,0.333333,0.000000,0.000000,0.000000,0.000000
