axcov,l2,l3,radcov,meancov,covfa,covpl,lesld,sxx,syy,szz,sxy,sxz,syz
2369.026776,216.272073,3.272517,109.772295,862.857122,0.952874,0.970282,150.000000,229.538658,2242.432036,116.600671,166.191409,32.239597,503.472483
