axcov,l2,l3,radcov,meancov,covfa,covpl,lesld,sxx,syy,szz,sxy,sxz,syz,neurax,nxnorm,cmx,cmy,cmz
2276.469727,386.957886,20.767855,203.862871,894.731823,0.907983,0.898042,174.0,571.739685,1853.523088,258.932696,538.372135,294.913893,612.112883,15.318690423396589,0.27028759178123213,-9.452681345642418,-35.40369571121997,-13.71146171915342
