axcov,l2,l3,radcov,meancov,covfa,covpl,lesld,sxx,syy,szz,sxy,sxz,syz
917.238826,382.073078,71.080405,226.576742,456.797436,0.744166,0.439771,712.078087,485.503619,813.578778,71.309911,-211.260193,6.144511,-12.505598
