lesid,axcov,l2,l3,radcov,meancov,covfa,covpl,lesvol,sxx,syy,szz,sxy,sxz,syz
1.000000,0.285714,0.285714,0.285714,0.285714,0.285714,0.000000,nan,8.000000,0.285714,0.285714,0.285714,0.000000,0.000000,0.000000
2.000000,2.735032,0.855751,0.546109,0.700930,1.378964,0.703275,0.923678,44.000000,0.678647,2.602537,0.855708,0.122622,0.125793,-0.491543
3.000000,4.627651,2.177290,0.614019,1.395655,2.472987,0.680275,0.371625,109.000000,2.264866,4.524805,0.629290,-0.485899,0.114934,0.131668
4.000000,3.910323,0.714780,0.204443,0.459611,1.609848,0.874014,0.927862,33.000000,0.710227,3.880682,0.238636,0.136364,0.059659,-0.298295
5.000000,4.130744,3.312240,1.572061,2.442151,3.005015,0.409783,-0.577074,191.000000,2.235492,3.278699,3.500854,1.026894,0.020970,-0.442822
6.000000,0.750000,0.750000,0.000000,0.375000,0.500000,0.707107,-1.000000,9.000000,0.750000,0.750000,0.000000,0.000000,0.000000,0.000000
7.000000,0.285714,0.285714,0.285714,0.285714,0.285714,0.000000,nan,8.000000,0.285714,0.285714,0.285714,0.000000,0.000000,0.000000
8.000000,0.500000,0.000000,0.000000,0.000000,0.166667,1.000000,1.000000,2.000000,0.000000,0.000000,0.500000,0.000000,0.000000,0.000000
