axcov,l2,l3,radcov,meancov,covfa,covpl,lesld,sxx,syy,szz,sxy,sxz,syz
1521.075425,286.206862,110.323687,198.265275,639.201991,0.858127,0.941437,1972.075076,543.724689,904.858343,469.022942,-399.519293,-340.712383,510.865572
