axcov,l2,l3,radcov,meancov,covfa,covpl,lesld,sxx,syy,szz,sxy,sxz,syz
585.554417,211.944673,90.367417,151.156045,295.955502,0.710327,0.756155,1200.000000,340.636572,413.913978,133.315957,162.581297,75.174458,115.459593
