axcov,l2,l3,radcov,meancov,covfa,covpl,lesld,sxx,syy,szz,sxy,sxz,syz
1519.373072,737.692622,177.533225,457.612924,811.532973,0.687357,0.281233,7125.000000,750.602687,1209.910441,474.085792,-141.752423,-0.853978,544.044585
