axcov,l2,l3,radcov,meancov,covfa,covpl,lesld,sxx,syy,szz,sxy,sxz,syz,neurax,nxnorm,cmx,cmy,cmz
922.933454,505.886901,63.601489,284.744195,497.473948,0.705905,-0.050844,1352.0,593.143627,821.289743,77.988472,183.042215,-65.770516,42.976925,3.7561196648752575,0.07223842993245111,12.884014640108902,-5.961541934050061,-3.2180320582270667
